company,email,role,location,recruiterName
Invictus Data,divyak@invictusdata.ai,AEM Frontend Developer,Hyderabad,Divya Kandula
Nexivo Consulting,careers@nexivo.co,Full Stack Developer,Hyderabad,Swathi Cherla
GSPANN,ranadheer.dayatri@gspann.com,Frontend & CMS Developer,Hyderabad,Ranadheer Dayatri
Acess Meditech,hr@amptl.com,Full Stack Developer,Hyderabad,Srinivas Rasoju
qpact Solutions,surendra.j@qpactsolutions.com,Full Stack Developer,Hyderabad,Surendra J
BriskwinIT,chandini.z@briskwinit.com,Full Stack Developer,Hyderabad,Chandini
KRG Tech,illavarasi@krgtech.com,React JS Developer,Hyderabad,Ilavarasi
Trust Edge,harshada@trust-edge.co.in,Full Stack Developer,Hyderabad,Harshada
Zen Tech,swethazen2@gmail.com,React Full Stack Developer,Hyderabad,Swetha
